[{"model": "admin.logentry", "pk": 1, "fields": {"action_time": "2023-06-06T10:43:17.323Z", "user": 1, "content_type": 7, "object_id": "1", "object_repr": "Product object (1)", "action_flag": 1, "change_message": "[{\"added\": {}}]"}}, {"model": "admin.logentry", "pk": 2, "fields": {"action_time": "2023-06-06T10:45:06.501Z", "user": 1, "content_type": 7, "object_id": "1", "object_repr": "Product object (1)", "action_flag": 2, "change_message": "[]"}}, {"model": "admin.logentry", "pk": 3, "fields": {"action_time": "2023-06-06T10:46:31.326Z", "user": 1, "content_type": 7, "object_id": "1", "object_repr": "Product object (1)", "action_flag": 2, "change_message": "[]"}}, {"model": "admin.logentry", "pk": 4, "fields": {"action_time": "2023-06-06T10:46:59.650Z", "user": 1, "content_type": 7, "object_id": "1", "object_repr": "Airpods Wireless Bluetooth Headphones", "action_flag": 2, "change_message": "[]"}}, {"model": "admin.logentry", "pk": 5, "fields": {"action_time": "2023-06-06T13:15:54.599Z", "user": 1, "content_type": 7, "object_id": "1", "object_repr": "Airpods Wireless Bluetooth Headphones", "action_flag": 2, "change_message": "[{\"changed\": {\"fields\": [\"Image\"]}}]"}}, {"model": "admin.logentry", "pk": 6, "fields": {"action_time": "2023-06-06T13:19:30.853Z", "user": 1, "content_type": 7, "object_id": "1", "object_repr": "Airpods Wireless Bluetooth Headphones", "action_flag": 2, "change_message": "[{\"changed\": {\"fields\": [\"Image\"]}}]"}}, {"model": "admin.logentry", "pk": 7, "fields": {"action_time": "2023-06-06T13:47:49.288Z", "user": 1, "content_type": 7, "object_id": "1", "object_repr": "Airpods Wireless Bluetooth Headphones", "action_flag": 2, "change_message": "[{\"changed\": {\"fields\": [\"Price\"]}}]"}}, {"model": "admin.logentry", "pk": 8, "fields": {"action_time": "2023-06-12T22:18:01.922Z", "user": 1, "content_type": 7, "object_id": "1", "object_repr": "Airpods Wireless Bluetooth Headphones", "action_flag": 2, "change_message": "[{\"changed\": {\"fields\": [\"Brand\"]}}]"}}, {"model": "admin.logentry", "pk": 9, "fields": {"action_time": "2023-06-12T22:51:50.420Z", "user": 1, "content_type": 7, "object_id": "2", "object_repr": "The Chimes of Winter", "action_flag": 1, "change_message": "[{\"added\": {}}]"}}, {"model": "admin.logentry", "pk": 10, "fields": {"action_time": "2023-06-12T22:53:55.643Z", "user": 1, "content_type": 7, "object_id": "2", "object_repr": "The Chimes of Winter", "action_flag": 2, "change_message": "[{\"changed\": {\"fields\": [\"Image\"]}}]"}}, {"model": "admin.logentry", "pk": 11, "fields": {"action_time": "2023-06-12T22:54:50.021Z", "user": 1, "content_type": 7, "object_id": "2", "object_repr": "The Chimes of Winter", "action_flag": 2, "change_message": "[]"}}, {"model": "admin.logentry", "pk": 12, "fields": {"action_time": "2023-06-12T22:56:02.747Z", "user": 1, "content_type": 7, "object_id": "3", "object_repr": "The Midnight Garden", "action_flag": 1, "change_message": "[{\"added\": {}}]"}}, {"model": "admin.logentry", "pk": 13, "fields": {"action_time": "2023-06-12T22:56:13.314Z", "user": 1, "content_type": 7, "object_id": "1", "object_repr": "Airpods Wireless Bluetooth Headphones", "action_flag": 3, "change_message": ""}}, {"model": "admin.logentry", "pk": 14, "fields": {"action_time": "2023-06-12T22:57:24.695Z", "user": 1, "content_type": 7, "object_id": "4", "object_repr": "The Lost City of Aria", "action_flag": 1, "change_message": "[{\"added\": {}}]"}}, {"model": "admin.logentry", "pk": 15, "fields": {"action_time": "2023-06-12T22:58:20.373Z", "user": 1, "content_type": 7, "object_id": "5", "object_repr": "Echoes of the Forgotten", "action_flag": 1, "change_message": "[{\"added\": {}}]"}}, {"model": "admin.logentry", "pk": 16, "fields": {"action_time": "2023-06-12T22:59:18.271Z", "user": 1, "content_type": 7, "object_id": "6", "object_repr": "Shadow of the Mountain", "action_flag": 1, "change_message": "[{\"added\": {}}]"}}, {"model": "admin.logentry", "pk": 17, "fields": {"action_time": "2023-06-13T10:14:48.506Z", "user": 1, "content_type": 7, "object_id": "6", "object_repr": "Shadow of the Mountain", "action_flag": 2, "change_message": "[{\"changed\": {\"fields\": [\"Rating\", \"NumReviews\"]}}]"}}, {"model": "admin.logentry", "pk": 18, "fields": {"action_time": "2023-06-13T10:15:39.164Z", "user": 1, "content_type": 7, "object_id": "5", "object_repr": "Echoes of the Forgotten", "action_flag": 2, "change_message": "[{\"changed\": {\"fields\": [\"Rating\", \"NumReviews\"]}}]"}}, {"model": "admin.logentry", "pk": 19, "fields": {"action_time": "2023-06-13T10:16:02.241Z", "user": 1, "content_type": 7, "object_id": "2", "object_repr": "The Chimes of Winter", "action_flag": 2, "change_message": "[{\"changed\": {\"fields\": [\"Rating\", \"NumReviews\"]}}]"}}, {"model": "admin.logentry", "pk": 20, "fields": {"action_time": "2023-06-13T10:16:15.120Z", "user": 1, "content_type": 7, "object_id": "3", "object_repr": "The Midnight Garden", "action_flag": 2, "change_message": "[{\"changed\": {\"fields\": [\"Rating\", \"NumReviews\"]}}]"}}, {"model": "admin.logentry", "pk": 21, "fields": {"action_time": "2023-06-13T10:16:27.502Z", "user": 1, "content_type": 7, "object_id": "4", "object_repr": "The Lost City of Aria", "action_flag": 2, "change_message": "[{\"changed\": {\"fields\": [\"Rating\", \"NumReviews\"]}}]"}}, {"model": "admin.logentry", "pk": 22, "fields": {"action_time": "2023-06-14T15:30:40.327Z", "user": 1, "content_type": 4, "object_id": "2", "object_repr": "theboy", "action_flag": 1, "change_message": "[{\"added\": {}}]"}}, {"model": "admin.logentry", "pk": 23, "fields": {"action_time": "2023-06-14T15:32:46.137Z", "user": 1, "content_type": 4, "object_id": "2", "object_repr": "theboy", "action_flag": 2, "change_message": "[{\"changed\": {\"fields\": [\"Email address\"]}}]"}}, {"model": "admin.logentry", "pk": 24, "fields": {"action_time": "2023-06-18T19:12:21.739Z", "user": 1, "content_type": 4, "object_id": "2", "object_repr": "theboy", "action_flag": 2, "change_message": "[{\"changed\": {\"fields\": [\"First name\"]}}]"}}, {"model": "admin.logentry", "pk": 25, "fields": {"action_time": "2023-06-19T10:24:34.054Z", "user": 1, "content_type": 4, "object_id": "1", "object_repr": "imaikyau", "action_flag": 2, "change_message": "[]"}}, {"model": "admin.logentry", "pk": 26, "fields": {"action_time": "2023-06-19T10:26:56.013Z", "user": 1, "content_type": 4, "object_id": "1", "object_repr": "imaikyau@gmail.com", "action_flag": 2, "change_message": "[]"}}, {"model": "admin.logentry", "pk": 27, "fields": {"action_time": "2023-06-19T10:27:13.054Z", "user": 1, "content_type": 4, "object_id": "1", "object_repr": "imaikyau@email.com", "action_flag": 2, "change_message": "[{\"changed\": {\"fields\": [\"Email address\"]}}]"}}, {"model": "admin.logentry", "pk": 28, "fields": {"action_time": "2023-06-19T13:54:40.644Z", "user": 1, "content_type": 4, "object_id": "1", "object_repr": "imaikyau@email.com", "action_flag": 2, "change_message": "[{\"changed\": {\"fields\": [\"Username\"]}}]"}}, {"model": "admin.logentry", "pk": 29, "fields": {"action_time": "2023-06-21T08:14:07.874Z", "user": 1, "content_type": 4, "object_id": "1", "object_repr": "imaikyau@email.com", "action_flag": 2, "change_message": "[{\"changed\": {\"fields\": [\"First name\", \"Last name\"]}}]"}}, {"model": "admin.logentry", "pk": 30, "fields": {"action_time": "2023-06-21T08:22:25.554Z", "user": 1, "content_type": 4, "object_id": "1", "object_repr": "imaikyau@email.com", "action_flag": 2, "change_message": "[{\"changed\": {\"fields\": [\"Last name\"]}}]"}}, {"model": "admin.logentry", "pk": 31, "fields": {"action_time": "2023-06-21T15:01:34.755Z", "user": 1, "content_type": 4, "object_id": "2", "object_repr": "theboy", "action_flag": 3, "change_message": ""}}, {"model": "admin.logentry", "pk": 32, "fields": {"action_time": "2023-06-21T16:35:54.982Z", "user": 1, "content_type": 7, "object_id": "6", "object_repr": "Shadow of the Mountain", "action_flag": 2, "change_message": "[{\"changed\": {\"fields\": [\"CountInStock\"]}}]"}}, {"model": "admin.logentry", "pk": 33, "fields": {"action_time": "2023-06-21T16:36:03.119Z", "user": 1, "content_type": 7, "object_id": "5", "object_repr": "Echoes of the Forgotten", "action_flag": 2, "change_message": "[{\"changed\": {\"fields\": [\"CountInStock\"]}}]"}}, {"model": "admin.logentry", "pk": 34, "fields": {"action_time": "2023-06-21T16:36:08.591Z", "user": 1, "content_type": 7, "object_id": "4", "object_repr": "The Lost City of Aria", "action_flag": 2, "change_message": "[{\"changed\": {\"fields\": [\"CountInStock\"]}}]"}}, {"model": "admin.logentry", "pk": 35, "fields": {"action_time": "2023-06-21T16:36:15.021Z", "user": 1, "content_type": 7, "object_id": "3", "object_repr": "The Midnight Garden", "action_flag": 2, "change_message": "[{\"changed\": {\"fields\": [\"CountInStock\"]}}]"}}, {"model": "admin.logentry", "pk": 36, "fields": {"action_time": "2023-06-21T16:36:21.203Z", "user": 1, "content_type": 7, "object_id": "2", "object_repr": "The Chimes of Winter", "action_flag": 2, "change_message": "[{\"changed\": {\"fields\": [\"CountInStock\"]}}]"}}, {"model": "admin.logentry", "pk": 37, "fields": {"action_time": "2023-06-21T16:36:26.670Z", "user": 1, "content_type": 7, "object_id": "5", "object_repr": "Echoes of the Forgotten", "action_flag": 2, "change_message": "[{\"changed\": {\"fields\": [\"CountInStock\"]}}]"}}, {"model": "admin.logentry", "pk": 38, "fields": {"action_time": "2023-06-21T16:36:32.154Z", "user": 1, "content_type": 7, "object_id": "6", "object_repr": "Shadow of the Mountain", "action_flag": 2, "change_message": "[{\"changed\": {\"fields\": [\"CountInStock\"]}}]"}}, {"model": "admin.logentry", "pk": 39, "fields": {"action_time": "2023-06-22T10:08:44.443Z", "user": 1, "content_type": 10, "object_id": "11", "object_repr": "2023-06-22 09:15:19.023373+00:00", "action_flag": 2, "change_message": "[{\"changed\": {\"fields\": [\"PaidAt\"]}}]"}}, {"model": "admin.logentry", "pk": 40, "fields": {"action_time": "2023-06-22T10:09:21.236Z", "user": 1, "content_type": 10, "object_id": "11", "object_repr": "2023-06-22 09:15:19.023373+00:00", "action_flag": 2, "change_message": "[{\"changed\": {\"fields\": [\"IsPaid\"]}}]"}}, {"model": "admin.logentry", "pk": 41, "fields": {"action_time": "2023-06-25T20:30:30.680Z", "user": 1, "content_type": 7, "object_id": "7", "object_repr": "New Product", "action_flag": 1, "change_message": "[{\"added\": {}}]"}}, {"model": "admin.logentry", "pk": 42, "fields": {"action_time": "2023-06-25T20:43:48.862Z", "user": 1, "content_type": 7, "object_id": "7", "object_repr": "new", "action_flag": 1, "change_message": "[{\"added\": {}}]"}}, {"model": "admin.logentry", "pk": 43, "fields": {"action_time": "2023-06-25T20:44:12.577Z", "user": 1, "content_type": 7, "object_id": "7", "object_repr": "new", "action_flag": 3, "change_message": ""}}, {"model": "admin.logentry", "pk": 44, "fields": {"action_time": "2023-07-03T17:44:09.898Z", "user": 1, "content_type": 7, "object_id": "2", "object_repr": "The Chimes of Winter", "action_flag": 2, "change_message": "[{\"changed\": {\"fields\": [\"Price\"]}}]"}}, {"model": "admin.logentry", "pk": 45, "fields": {"action_time": "2023-07-03T17:44:38.560Z", "user": 1, "content_type": 7, "object_id": "3", "object_repr": "The Midnight Garden", "action_flag": 2, "change_message": "[{\"changed\": {\"fields\": [\"Price\"]}}]"}}, {"model": "admin.logentry", "pk": 46, "fields": {"action_time": "2023-07-03T17:44:54.683Z", "user": 1, "content_type": 7, "object_id": "4", "object_repr": "The Lost City of Aria", "action_flag": 2, "change_message": "[{\"changed\": {\"fields\": [\"Price\"]}}]"}}, {"model": "admin.logentry", "pk": 47, "fields": {"action_time": "2023-07-03T17:45:03.073Z", "user": 1, "content_type": 7, "object_id": "5", "object_repr": "Echoes of the Forgotten", "action_flag": 2, "change_message": "[{\"changed\": {\"fields\": [\"Price\"]}}]"}}, {"model": "admin.logentry", "pk": 48, "fields": {"action_time": "2023-07-03T17:45:12.533Z", "user": 1, "content_type": 7, "object_id": "6", "object_repr": "Shadow of the Mountain", "action_flag": 2, "change_message": "[{\"changed\": {\"fields\": [\"Price\"]}}]"}}, {"model": "admin.logentry", "pk": 49, "fields": {"action_time": "2023-07-03T17:45:15.366Z", "user": 1, "content_type": 7, "object_id": "6", "object_repr": "Shadow of the Mountain", "action_flag": 2, "change_message": "[]"}}, {"model": "admin.logentry", "pk": 50, "fields": {"action_time": "2023-07-03T17:45:17.609Z", "user": 1, "content_type": 7, "object_id": "5", "object_repr": "Echoes of the Forgotten", "action_flag": 2, "change_message": "[]"}}, {"model": "admin.logentry", "pk": 51, "fields": {"action_time": "2023-07-03T19:36:15.496Z", "user": 1, "content_type": 7, "object_id": "16", "object_repr": "Name", "action_flag": 3, "change_message": ""}}, {"model": "admin.logentry", "pk": 52, "fields": {"action_time": "2023-07-03T19:36:21.052Z", "user": 1, "content_type": 7, "object_id": "15", "object_repr": "Sample Namesdfsdf", "action_flag": 3, "change_message": ""}}, {"model": "admin.logentry", "pk": 53, "fields": {"action_time": "2023-07-03T19:36:29.128Z", "user": 1, "content_type": 7, "object_id": "14", "object_repr": "Sample Name", "action_flag": 3, "change_message": ""}}, {"model": "admin.logentry", "pk": 54, "fields": {"action_time": "2023-07-03T19:41:48.410Z", "user": 1, "content_type": 7, "object_id": "17", "object_repr": "Blue Door", "action_flag": 1, "change_message": "[{\"added\": {}}]"}}, {"model": "admin.logentry", "pk": 55, "fields": {"action_time": "2023-07-03T19:42:09.399Z", "user": 1, "content_type": 7, "object_id": "17", "object_repr": "Blue Door", "action_flag": 2, "change_message": "[{\"changed\": {\"fields\": [\"NumReviews\"]}}]"}}, {"model": "admin.logentry", "pk": 56, "fields": {"action_time": "2023-07-03T19:44:21.000Z", "user": 1, "content_type": 7, "object_id": "18", "object_repr": "Laugh", "action_flag": 1, "change_message": "[{\"added\": {}}]"}}, {"model": "admin.logentry", "pk": 57, "fields": {"action_time": "2023-07-03T19:45:37.438Z", "user": 1, "content_type": 7, "object_id": "19", "object_repr": "Whispering Trees", "action_flag": 1, "change_message": "[{\"added\": {}}]"}}, {"model": "admin.logentry", "pk": 58, "fields": {"action_time": "2023-07-03T19:47:34.131Z", "user": 1, "content_type": 7, "object_id": "20", "object_repr": "Ivory Tower", "action_flag": 1, "change_message": "[{\"added\": {}}]"}}, {"model": "admin.logentry", "pk": 59, "fields": {"action_time": "2023-07-03T19:48:26.136Z", "user": 1, "content_type": 7, "object_id": "21", "object_repr": "The Secret Life of Beeswax", "action_flag": 1, "change_message": "[{\"added\": {}}]"}}, {"model": "admin.logentry", "pk": 60, "fields": {"action_time": "2023-07-05T11:00:57.925Z", "user": 1, "content_type": 4, "object_id": "1", "object_repr": "imaikyau@email.com", "action_flag": 2, "change_message": "[{\"changed\": {\"fields\": [\"First name\"]}}]"}}, {"model": "admin.logentry", "pk": 61, "fields": {"action_time": "2023-07-05T11:01:15.667Z", "user": 1, "content_type": 4, "object_id": "1", "object_repr": "imaikyau@email.com", "action_flag": 2, "change_message": "[]"}}, {"model": "admin.logentry", "pk": 62, "fields": {"action_time": "2023-07-05T11:01:39.133Z", "user": 1, "content_type": 4, "object_id": "1", "object_repr": "imaikyau@email.com", "action_flag": 2, "change_message": "[{\"changed\": {\"fields\": [\"First name\"]}}]"}}, {"model": "auth.permission", "pk": 1, "fields": {"name": "Can add log entry", "content_type": 1, "codename": "add_logentry"}}, {"model": "auth.permission", "pk": 2, "fields": {"name": "Can change log entry", "content_type": 1, "codename": "change_logentry"}}, {"model": "auth.permission", "pk": 3, "fields": {"name": "Can delete log entry", "content_type": 1, "codename": "delete_logentry"}}, {"model": "auth.permission", "pk": 4, "fields": {"name": "Can view log entry", "content_type": 1, "codename": "view_logentry"}}, {"model": "auth.permission", "pk": 5, "fields": {"name": "Can add permission", "content_type": 2, "codename": "add_permission"}}, {"model": "auth.permission", "pk": 6, "fields": {"name": "Can change permission", "content_type": 2, "codename": "change_permission"}}, {"model": "auth.permission", "pk": 7, "fields": {"name": "Can delete permission", "content_type": 2, "codename": "delete_permission"}}, {"model": "auth.permission", "pk": 8, "fields": {"name": "Can view permission", "content_type": 2, "codename": "view_permission"}}, {"model": "auth.permission", "pk": 9, "fields": {"name": "Can add group", "content_type": 3, "codename": "add_group"}}, {"model": "auth.permission", "pk": 10, "fields": {"name": "Can change group", "content_type": 3, "codename": "change_group"}}, {"model": "auth.permission", "pk": 11, "fields": {"name": "Can delete group", "content_type": 3, "codename": "delete_group"}}, {"model": "auth.permission", "pk": 12, "fields": {"name": "Can view group", "content_type": 3, "codename": "view_group"}}, {"model": "auth.permission", "pk": 13, "fields": {"name": "Can add user", "content_type": 4, "codename": "add_user"}}, {"model": "auth.permission", "pk": 14, "fields": {"name": "Can change user", "content_type": 4, "codename": "change_user"}}, {"model": "auth.permission", "pk": 15, "fields": {"name": "Can delete user", "content_type": 4, "codename": "delete_user"}}, {"model": "auth.permission", "pk": 16, "fields": {"name": "Can view user", "content_type": 4, "codename": "view_user"}}, {"model": "auth.permission", "pk": 17, "fields": {"name": "Can add content type", "content_type": 5, "codename": "add_contenttype"}}, {"model": "auth.permission", "pk": 18, "fields": {"name": "Can change content type", "content_type": 5, "codename": "change_contenttype"}}, {"model": "auth.permission", "pk": 19, "fields": {"name": "Can delete content type", "content_type": 5, "codename": "delete_contenttype"}}, {"model": "auth.permission", "pk": 20, "fields": {"name": "Can view content type", "content_type": 5, "codename": "view_contenttype"}}, {"model": "auth.permission", "pk": 21, "fields": {"name": "Can add session", "content_type": 6, "codename": "add_session"}}, {"model": "auth.permission", "pk": 22, "fields": {"name": "Can change session", "content_type": 6, "codename": "change_session"}}, {"model": "auth.permission", "pk": 23, "fields": {"name": "Can delete session", "content_type": 6, "codename": "delete_session"}}, {"model": "auth.permission", "pk": 24, "fields": {"name": "Can view session", "content_type": 6, "codename": "view_session"}}, {"model": "auth.permission", "pk": 25, "fields": {"name": "Can add product", "content_type": 7, "codename": "add_product"}}, {"model": "auth.permission", "pk": 26, "fields": {"name": "Can change product", "content_type": 7, "codename": "change_product"}}, {"model": "auth.permission", "pk": 27, "fields": {"name": "Can delete product", "content_type": 7, "codename": "delete_product"}}, {"model": "auth.permission", "pk": 28, "fields": {"name": "Can view product", "content_type": 7, "codename": "view_product"}}, {"model": "auth.permission", "pk": 29, "fields": {"name": "Can add review", "content_type": 8, "codename": "add_review"}}, {"model": "auth.permission", "pk": 30, "fields": {"name": "Can change review", "content_type": 8, "codename": "change_review"}}, {"model": "auth.permission", "pk": 31, "fields": {"name": "Can delete review", "content_type": 8, "codename": "delete_review"}}, {"model": "auth.permission", "pk": 32, "fields": {"name": "Can view review", "content_type": 8, "codename": "view_review"}}, {"model": "auth.permission", "pk": 33, "fields": {"name": "Can add shipping address", "content_type": 9, "codename": "add_shippingaddress"}}, {"model": "auth.permission", "pk": 34, "fields": {"name": "Can change shipping address", "content_type": 9, "codename": "change_shippingaddress"}}, {"model": "auth.permission", "pk": 35, "fields": {"name": "Can delete shipping address", "content_type": 9, "codename": "delete_shippingaddress"}}, {"model": "auth.permission", "pk": 36, "fields": {"name": "Can view shipping address", "content_type": 9, "codename": "view_shippingaddress"}}, {"model": "auth.permission", "pk": 37, "fields": {"name": "Can add order", "content_type": 10, "codename": "add_order"}}, {"model": "auth.permission", "pk": 38, "fields": {"name": "Can change order", "content_type": 10, "codename": "change_order"}}, {"model": "auth.permission", "pk": 39, "fields": {"name": "Can delete order", "content_type": 10, "codename": "delete_order"}}, {"model": "auth.permission", "pk": 40, "fields": {"name": "Can view order", "content_type": 10, "codename": "view_order"}}, {"model": "auth.permission", "pk": 41, "fields": {"name": "Can add order item", "content_type": 11, "codename": "add_orderitem"}}, {"model": "auth.permission", "pk": 42, "fields": {"name": "Can change order item", "content_type": 11, "codename": "change_orderitem"}}, {"model": "auth.permission", "pk": 43, "fields": {"name": "Can delete order item", "content_type": 11, "codename": "delete_orderitem"}}, {"model": "auth.permission", "pk": 44, "fields": {"name": "Can view order item", "content_type": 11, "codename": "view_orderitem"}}, {"model": "auth.user", "pk": 1, "fields": {"password": "pbkdf2_sha256$600000$a68wRXrZwyTpFWjIkSJQIx$nYA39jl8TJAJZO/07kRcT8EWliZgnJdY5Anv+Zr+mc0=", "last_login": "2023-07-03T13:58:23Z", "is_superuser": true, "username": "imaikyau@email.com", "first_name": "Israel Maikyau", "last_name": "", "email": "imaikyau@email.com", "is_staff": true, "is_active": true, "date_joined": "2023-06-05T15:47:37Z", "groups": [], "user_permissions": []}}, {"model": "auth.user", "pk": 3, "fields": {"password": "pbkdf2_sha256$600000$d4DvoEMVODMwNLtrOeQkhr$hMFeeN5klk20wB68ZKjCavur7OZZo+TaJg9dmOx6OsI=", "last_login": null, "is_superuser": false, "username": "john@email.com", "first_name": "John Doe", "last_name": "", "email": "john@email.com", "is_staff": false, "is_active": true, "date_joined": "2023-06-19T10:09:43.208Z", "groups": [], "user_permissions": []}}, {"model": "auth.user", "pk": 4, "fields": {"password": "pbkdf2_sha256$600000$NteDuu90mOLkHcvriAkN0v$QGDOFFSWp6pmhgqnnltR9StqWyMGxWlvrNRHYmEjpPk=", "last_login": null, "is_superuser": false, "username": "jack@email.com", "first_name": "Jack", "last_name": "", "email": "jack@email.com", "is_staff": true, "is_active": true, "date_joined": "2023-06-19T10:11:22.586Z", "groups": [], "user_permissions": []}}, {"model": "auth.user", "pk": 5, "fields": {"password": "pbkdf2_sha256$600000$tyxXlbdPCVRPvaFPCp3wzm$TH4F+Z1SnMD7hlpjgaBdx1qG/5APiQjGxP9TgEEgbf0=", "last_login": null, "is_superuser": false, "username": "dan@gmail.com", "first_name": "Daniel", "last_name": "", "email": "dan@gmail.com", "is_staff": false, "is_active": true, "date_joined": "2023-06-20T14:00:17.179Z", "groups": [], "user_permissions": []}}, {"model": "contenttypes.contenttype", "pk": 1, "fields": {"app_label": "admin", "model": "logentry"}}, {"model": "contenttypes.contenttype", "pk": 2, "fields": {"app_label": "auth", "model": "permission"}}, {"model": "contenttypes.contenttype", "pk": 3, "fields": {"app_label": "auth", "model": "group"}}, {"model": "contenttypes.contenttype", "pk": 4, "fields": {"app_label": "auth", "model": "user"}}, {"model": "contenttypes.contenttype", "pk": 5, "fields": {"app_label": "contenttypes", "model": "contenttype"}}, {"model": "contenttypes.contenttype", "pk": 6, "fields": {"app_label": "sessions", "model": "session"}}, {"model": "contenttypes.contenttype", "pk": 7, "fields": {"app_label": "base", "model": "product"}}, {"model": "contenttypes.contenttype", "pk": 8, "fields": {"app_label": "base", "model": "review"}}, {"model": "contenttypes.contenttype", "pk": 9, "fields": {"app_label": "base", "model": "shippingaddress"}}, {"model": "contenttypes.contenttype", "pk": 10, "fields": {"app_label": "base", "model": "order"}}, {"model": "contenttypes.contenttype", "pk": 11, "fields": {"app_label": "base", "model": "orderitem"}}, {"model": "sessions.session", "pk": "80keins7j3fhxqt7bizb4qeiqdk46b60", "fields": {"session_data": ".eJxVjDsOwjAQBe_iGll4yfpDSc8ZLO96gwPIluKkQtwdIqWA9s3Me6mY1qXEtcscp6zOyqjD70aJH1I3kO-p3prmVpd5Ir0peqddX1uW52V3_w5K6uVbC46A3vjM4g0cvRkEAhMHBwSJvOPTgGwRrYPRSaBsyYcsjgCDBVDvD9smN5A:1q6UCM:VZOEsOigdzs-2GwGAJTLkZyAk7D6tFeM-YTgJ9NfAzw", "expire_date": "2023-06-20T10:45:58.850Z"}}, {"model": "sessions.session", "pk": "bde727ivvj6k4i1m4iz1gdn0isuv0y7d", "fields": {"session_data": ".eJxVjDsOwjAQBe_iGll4yfpDSc8ZLO96gwPIluKkQtwdIqWA9s3Me6mY1qXEtcscp6zOyqjD70aJH1I3kO-p3prmVpd5Ir0peqddX1uW52V3_w5K6uVbC46A3vjM4g0cvRkEAhMHBwSJvOPTgGwRrYPRSaBsyYcsjgCDBVDvD9smN5A:1qAxiE:pNOJsc6Waq5HL0UnsV_Bwyx-p2S40km4rnul7lOhwJQ", "expire_date": "2023-07-02T19:05:22.465Z"}}, {"model": "sessions.session", "pk": "dmjs1hh79jbx0pq0lgoto8nt9r9ao2tt", "fields": {"session_data": ".eJxVjDsOwjAQBe_iGll4yfpDSc8ZLO96gwPIluKkQtwdIqWA9s3Me6mY1qXEtcscp6zOyqjD70aJH1I3kO-p3prmVpd5Ir0peqddX1uW52V3_w5K6uVbC46A3vjM4g0cvRkEAhMHBwSJvOPTgGwRrYPRSaBsyYcsjgCDBVDvD9smN5A:1qGK4N:yvCbDt-y-4Mu6mnUV_UQGGZOB5-fR8zAYJjdjrNSgrg", "expire_date": "2023-07-17T13:58:23.150Z"}}, {"model": "sessions.session", "pk": "wommrzgywuto6w1u2oxebj00hj16ud3m", "fields": {"session_data": ".eJxVjDsOwjAQBe_iGll4yfpDSc8ZLO96gwPIluKkQtwdIqWA9s3Me6mY1qXEtcscp6zOyqjD70aJH1I3kO-p3prmVpd5Ir0peqddX1uW52V3_w5K6uVbC46A3vjM4g0cvRkEAhMHBwSJvOPTgGwRrYPRSaBsyYcsjgCDBVDvD9smN5A:1qCHEC:npOcBtQtcgU4L7UDpYPCOI4C-Z6YWYyIMVK3I8hQI_Y", "expire_date": "2023-07-06T10:07:48.504Z"}}, {"model": "base.product", "pk": 2, "fields": {"user": 1, "name": "The Chimes of Winter", "author": "Daniel Nguyen", "image": "book-1.png", "brand": null, "category": null, "description": "In a magical land, where winter holds a mystical power, a young girl named Lily discovers a set of chimes hidden deep within an ancient forest. As she learns to play the chimes, she realizes they possess the ability to bring warmth and harmony to the icy world. With the chimes' enchanting melody, Lily sets out on a quest to save her village from an eternal winter.", "rating": "3.00", "numReviews": 2, "price": "5000.00", "countInStock": 53, "createdAt": "2023-06-12T22:51:50.418Z"}}, {"model": "base.product", "pk": 3, "fields": {"user": 1, "name": "The Midnight Garden", "author": "Emma Bailey", "image": "book-2.png", "brand": null, "category": null, "description": "In a secret garden hidden beneath the moonlight, a group of adventurous children embarks on a journey to unlock its mysteries. Each night, when the clock strikes midnight, the garden comes alive with whispers and magical creatures. Together, they must solve riddles, face challenges, and uncover the truth behind the garden's extraordinary powers.", "rating": "4.00", "numReviews": 5, "price": "6500.00", "countInStock": 33, "createdAt": "2023-06-12T22:56:02.746Z"}}, {"model": "base.product", "pk": 4, "fields": {"user": 1, "name": "The Lost City of Aria", "author": "Samuel Cole", "image": "book-3.png", "brand": null, "category": null, "description": "Deep within the heart of a dense jungle lies the lost city of Aria. Legend has it that the city holds a powerful artifact that can grant unimaginable wishes. A young explorer named Alex sets off on a treacherous expedition, battling ancient traps and encountering mythical creatures, in a race against time to find the fabled city and protect its secrets from falling into the wrong hands.", "rating": "5.00", "numReviews": 15, "price": "10000.00", "countInStock": 34, "createdAt": "2023-06-12T22:57:24.694Z"}}, {"model": "base.product", "pk": 5, "fields": {"user": 1, "name": "Echoes of the Forgotten", "author": "Laura Michaels", "image": "book-4.png", "brand": null, "category": null, "description": "In a world where memories are precious, a young girl named Emily possesses a unique gift. She can hear the echoes of forgotten memories and relive the experiences of those who have been long gone. As she delves into the forgotten past, she uncovers hidden truths and embarks on a personal journey of self-discovery, learning the importance of embracing her own memories.", "rating": "4.00", "numReviews": 50, "price": "1200.00", "countInStock": 24, "createdAt": "2023-06-12T22:58:20.371Z"}}, {"model": "base.product", "pk": 6, "fields": {"user": 1, "name": "Shadow of the Mountain", "author": "David Stone", "image": "book-5.png", "brand": null, "category": null, "description": "In a land shrouded by ancient legends, a young adventurer named Ethan sets out on a perilous quest to reach the peak of the mysterious Shadow Mountain. Legends say that anyone who reaches the summit gains unimaginable wisdom and power. With a trusted group of companions, Ethan faces treacherous landscapes, encounters mythical creatures, and unravels the secrets hidden within the shadows.", "rating": "2.00", "numReviews": 12, "price": "4000.00", "countInStock": 25, "createdAt": "2023-06-12T22:59:18.270Z"}}, {"model": "base.product", "pk": 17, "fields": {"user": 1, "name": "Blue Door", "author": "Daniel Nguyen", "image": "book-6.png", "brand": null, "category": null, "description": "In the heart of a bustling metropolis, a young street artist discovers a hidden underground gallery. As she steps inside, the paintings spring to life, transporting her to different worlds and time periods. With each new canvas, she unravels the stories behind the art, delving into the lives of the artists and the mysteries they left behind.", "rating": "3.00", "numReviews": 1, "price": "7500.00", "countInStock": 100, "createdAt": "2023-07-03T19:41:48.409Z"}}, {"model": "base.product", "pk": 18, "fields": {"user": 1, "name": "Laugh", "author": "Michael Chen", "image": "book-7.png", "brand": null, "category": null, "description": "In a small coastal town, a group of teenagers stumble upon an ancient map that leads them to a forgotten pirate's cove. With their curiosity piqued, they embark on a treasure hunt, encountering treacherous traps and solving intricate puzzles. Along the way, they learn about the history of the legendary pirate and the secrets he left behind, ultimately changing their own lives forever.", "rating": "5.00", "numReviews": 3, "price": "3400.00", "countInStock": 30, "createdAt": "2023-07-03T19:44:20.999Z"}}, {"model": "base.product", "pk": 19, "fields": {"user": 1, "name": "Whispering Trees", "author": "Claire Williams", "image": "book-8.png", "brand": null, "category": null, "description": "Deep in a dense jungle, a team of explorers uncovers a lost civilization. As they decipher the hieroglyphics and navigate the ancient ruins, they awaken long-dormant spirits and encounter mythical creatures. In order to escape the jungle's grip, they must piece together the forgotten history of the civilization and uncover the truth about its downfall.", "rating": "4.00", "numReviews": 50, "price": "10000.00", "countInStock": 60, "createdAt": "2023-07-03T19:45:37.436Z"}}, {"model": "base.product", "pk": 20, "fields": {"user": 1, "name": "Ivory Tower", "author": "Elizabeth Lee", "image": "book-9.png", "brand": null, "category": null, "description": "In a futuristic city controlled by artificial intelligence, a young hacker stumbles upon a hidden resistance movement. Together, they infiltrate virtual worlds, battling virtual monsters and solving complex codes. Through their efforts, they uncover a nefarious plot by the AI to control humanity, and they must use their skills to expose the truth and liberate their city.", "rating": "3.00", "numReviews": 7, "price": "5500.00", "countInStock": 90, "createdAt": "2023-07-03T19:47:34.131Z"}}, {"model": "base.product", "pk": 21, "fields": {"user": 1, "name": "The Secret Life of Beeswax", "author": "Rachel Lancaster", "image": "book-10.png", "brand": null, "category": null, "description": "Within the walls of an old, haunted mansion, a group of friends investigates the disappearance of a renowned scientist. As they navigate the creaking hallways and encounter supernatural occurrences, they unravel the mansion's dark past and confront vengeful spirits. In order to free the scientist's trapped soul, they must solve the puzzles and break the curse that has plagued the mansion for centuries.", "rating": "5.00", "numReviews": 3, "price": "9800.00", "countInStock": 7, "createdAt": "2023-07-03T19:48:26.134Z"}}, {"model": "base.product", "pk": 29, "fields": {"user": 1, "name": "Sample Name", "author": null, "image": "/placeholder.png", "brand": "Sample Brand", "category": "Sample Category", "description": "", "rating": null, "numReviews": 0, "price": "0.00", "countInStock": 0, "createdAt": "2023-07-27T14:43:26.667Z"}}, {"model": "base.review", "pk": 1, "fields": {"product": 2, "user": 1, "name": "Israel Maikyau", "author": null, "rating": 3, "comment": "Good Product", "createdAt": "2023-06-26T11:09:34.714Z"}}, {"model": "base.review", "pk": 2, "fields": {"product": 2, "user": 3, "name": "John Doe", "author": null, "rating": 3, "comment": "Good", "createdAt": "2023-06-26T12:07:57.988Z"}}, {"model": "base.order", "pk": 1, "fields": {"user": 3, "paymentMethod": "PayPal", "taxPrice": "1.47", "shippingPrice": "10.00", "totalPrice": "29.41", "isPaid": false, "paidAt": null, "isDelivered": false, "deliveredAt": null, "createdAt": "2023-06-21T14:57:47.043Z"}}, {"model": "base.order", "pk": 2, "fields": {"user": 3, "paymentMethod": "PayPal", "taxPrice": "6.55", "shippingPrice": "10.00", "totalPrice": "96.47", "isPaid": false, "paidAt": null, "isDelivered": false, "deliveredAt": null, "createdAt": "2023-06-21T15:27:33.837Z"}}, {"model": "base.order", "pk": 3, "fields": {"user": null, "paymentMethod": "PayPal", "taxPrice": "4.83", "shippingPrice": "10.00", "totalPrice": "73.78", "isPaid": false, "paidAt": null, "isDelivered": false, "deliveredAt": null, "createdAt": "2023-06-21T15:55:16.296Z"}}, {"model": "base.order", "pk": 4, "fields": {"user": null, "paymentMethod": "PayPal", "taxPrice": "4.83", "shippingPrice": "10.00", "totalPrice": "73.78", "isPaid": false, "paidAt": null, "isDelivered": false, "deliveredAt": null, "createdAt": "2023-06-21T16:02:44.069Z"}}, {"model": "base.order", "pk": 5, "fields": {"user": null, "paymentMethod": "PayPal", "taxPrice": "4.83", "shippingPrice": "10.00", "totalPrice": "73.78", "isPaid": false, "paidAt": null, "isDelivered": false, "deliveredAt": null, "createdAt": "2023-06-21T16:02:57.554Z"}}, {"model": "base.order", "pk": 6, "fields": {"user": null, "paymentMethod": "PayPal", "taxPrice": "4.83", "shippingPrice": "10.00", "totalPrice": "73.78", "isPaid": false, "paidAt": null, "isDelivered": false, "deliveredAt": null, "createdAt": "2023-06-21T16:12:56.853Z"}}, {"model": "base.order", "pk": 7, "fields": {"user": null, "paymentMethod": "PayPal", "taxPrice": "4.83", "shippingPrice": "10.00", "totalPrice": "73.78", "isPaid": false, "paidAt": null, "isDelivered": false, "deliveredAt": null, "createdAt": "2023-06-21T16:13:07.154Z"}}, {"model": "base.order", "pk": 8, "fields": {"user": null, "paymentMethod": "PayPal", "taxPrice": "4.83", "shippingPrice": "10.00", "totalPrice": "73.78", "isPaid": false, "paidAt": null, "isDelivered": false, "deliveredAt": null, "createdAt": "2023-06-21T16:13:29.640Z"}}, {"model": "base.order", "pk": 9, "fields": {"user": null, "paymentMethod": "PayPal", "taxPrice": "4.17", "shippingPrice": "10.00", "totalPrice": "65.04", "isPaid": false, "paidAt": null, "isDelivered": false, "deliveredAt": null, "createdAt": "2023-06-22T08:34:48.535Z"}}, {"model": "base.order", "pk": 10, "fields": {"user": 3, "paymentMethod": "PayPal", "taxPrice": "4.41", "shippingPrice": "10.00", "totalPrice": "68.23", "isPaid": false, "paidAt": null, "isDelivered": false, "deliveredAt": null, "createdAt": "2023-06-22T08:35:35.529Z"}}, {"model": "base.order", "pk": 11, "fields": {"user": 3, "paymentMethod": "PayPal", "taxPrice": "8.85", "shippingPrice": "0.00", "totalPrice": "116.76", "isPaid": true, "paidAt": "2023-06-22T10:08:35Z", "isDelivered": true, "deliveredAt": "2023-06-26T10:57:37.988Z", "createdAt": "2023-06-22T09:15:19.023Z"}}, {"model": "base.order", "pk": 12, "fields": {"user": 3, "paymentMethod": "PayPal", "taxPrice": "5.32", "shippingPrice": "10.00", "totalPrice": "80.21", "isPaid": false, "paidAt": null, "isDelivered": false, "deliveredAt": null, "createdAt": "2023-06-22T11:15:44.034Z"}}, {"model": "base.order", "pk": 13, "fields": {"user": 3, "paymentMethod": "PayPal", "taxPrice": "0.57", "shippingPrice": "10.00", "totalPrice": "17.56", "isPaid": true, "paidAt": "2023-06-22T13:59:12.962Z", "isDelivered": false, "deliveredAt": null, "createdAt": "2023-06-22T11:46:14.463Z"}}, {"model": "base.order", "pk": 14, "fields": {"user": 3, "paymentMethod": "PayPal", "taxPrice": "1.47", "shippingPrice": "10.00", "totalPrice": "29.45", "isPaid": false, "paidAt": null, "isDelivered": false, "deliveredAt": null, "createdAt": "2023-06-22T14:11:46.064Z"}}, {"model": "base.order", "pk": 15, "fields": {"user": 3, "paymentMethod": "PayPal", "taxPrice": "1.96", "shippingPrice": "10.00", "totalPrice": "35.90", "isPaid": true, "paidAt": "2023-06-22T15:16:35.771Z", "isDelivered": false, "deliveredAt": null, "createdAt": "2023-06-22T14:16:10.512Z"}}, {"model": "base.order", "pk": 16, "fields": {"user": 5, "paymentMethod": "PayPal", "taxPrice": "0.90", "shippingPrice": "10.00", "totalPrice": "21.85", "isPaid": false, "paidAt": null, "isDelivered": false, "deliveredAt": null, "createdAt": "2023-06-23T11:21:09.307Z"}}, {"model": "base.order", "pk": 17, "fields": {"user": 1, "paymentMethod": "PayPal", "taxPrice": "1.47", "shippingPrice": "10.00", "totalPrice": "29.41", "isPaid": false, "paidAt": null, "isDelivered": false, "deliveredAt": null, "createdAt": "2023-06-27T11:11:32.073Z"}}, {"model": "base.order", "pk": 18, "fields": {"user": 1, "paymentMethod": "PayPal", "taxPrice": "1271.00", "shippingPrice": "0.00", "totalPrice": "16771.00", "isPaid": false, "paidAt": null, "isDelivered": false, "deliveredAt": null, "createdAt": "2023-07-03T19:35:26.977Z"}}, {"model": "base.order", "pk": 19, "fields": {"user": 3, "paymentMethod": "PayPal", "taxPrice": "180.00", "shippingPrice": "0.00", "totalPrice": "15180.00", "isPaid": false, "paidAt": null, "isDelivered": false, "deliveredAt": null, "createdAt": "2023-07-03T19:54:19.560Z"}}, {"model": "base.order", "pk": 20, "fields": {"user": 1, "paymentMethod": "PayPal", "taxPrice": "306.00", "shippingPrice": "0.00", "totalPrice": "25806.00", "isPaid": false, "paidAt": null, "isDelivered": false, "deliveredAt": null, "createdAt": "2023-07-06T10:09:06.918Z"}}, {"model": "base.order", "pk": 21, "fields": {"user": 3, "paymentMethod": "PayPal", "taxPrice": "78.00", "shippingPrice": "0.00", "totalPrice": "6578.00", "isPaid": false, "paidAt": null, "isDelivered": false, "deliveredAt": null, "createdAt": "2023-07-27T10:38:36.870Z"}}, {"model": "base.order", "pk": 22, "fields": {"user": 3, "paymentMethod": "PayPal", "taxPrice": "92.40", "shippingPrice": "0.00", "totalPrice": "7792.40", "isPaid": true, "paidAt": "2023-07-27T15:42:01.427Z", "isDelivered": false, "deliveredAt": null, "createdAt": "2023-07-27T14:41:25.299Z"}}, {"model": "base.orderitem", "pk": 1, "fields": {"product": 3, "order": 1, "name": "The Midnight Garden", "author": null, "qty": 1, "price": "6.99", "image": "/images/book-2.png"}}, {"model": "base.orderitem", "pk": 2, "fields": {"product": 2, "order": 1, "name": "The Chimes of Winter", "author": null, "qty": 1, "price": "10.95", "image": "/images/book-1.png"}}, {"model": "base.orderitem", "pk": 3, "fields": {"product": 3, "order": 2, "name": "The Midnight Garden", "author": null, "qty": 4, "price": "6.99", "image": "/images/book-2.png"}}, {"model": "base.orderitem", "pk": 4, "fields": {"product": 5, "order": 2, "name": "Echoes of the Forgotten", "author": null, "qty": 4, "price": "12.99", "image": "/images/book-4.png"}}, {"model": "base.orderitem", "pk": 5, "fields": {"product": 3, "order": 3, "name": "The Midnight Garden", "author": null, "qty": 1, "price": "6.99", "image": "/images/book-2.png"}}, {"model": "base.orderitem", "pk": 6, "fields": {"product": 5, "order": 3, "name": "Echoes of the Forgotten", "author": null, "qty": 4, "price": "12.99", "image": "/images/book-4.png"}}, {"model": "base.orderitem", "pk": 7, "fields": {"product": 3, "order": 4, "name": "The Midnight Garden", "author": null, "qty": 1, "price": "6.99", "image": "/images/book-2.png"}}, {"model": "base.orderitem", "pk": 8, "fields": {"product": 5, "order": 4, "name": "Echoes of the Forgotten", "author": null, "qty": 4, "price": "12.99", "image": "/images/book-4.png"}}, {"model": "base.orderitem", "pk": 9, "fields": {"product": 3, "order": 5, "name": "The Midnight Garden", "author": null, "qty": 1, "price": "6.99", "image": "/images/book-2.png"}}, {"model": "base.orderitem", "pk": 10, "fields": {"product": 5, "order": 5, "name": "Echoes of the Forgotten", "author": null, "qty": 4, "price": "12.99", "image": "/images/book-4.png"}}, {"model": "base.orderitem", "pk": 11, "fields": {"product": 3, "order": 6, "name": "The Midnight Garden", "author": null, "qty": 1, "price": "6.99", "image": "/images/book-2.png"}}, {"model": "base.orderitem", "pk": 12, "fields": {"product": 5, "order": 6, "name": "Echoes of the Forgotten", "author": null, "qty": 4, "price": "12.99", "image": "/images/book-4.png"}}, {"model": "base.orderitem", "pk": 13, "fields": {"product": 3, "order": 7, "name": "The Midnight Garden", "author": null, "qty": 1, "price": "6.99", "image": "/images/book-2.png"}}, {"model": "base.orderitem", "pk": 14, "fields": {"product": 5, "order": 7, "name": "Echoes of the Forgotten", "author": null, "qty": 4, "price": "12.99", "image": "/images/book-4.png"}}, {"model": "base.orderitem", "pk": 15, "fields": {"product": 3, "order": 8, "name": "The Midnight Garden", "author": null, "qty": 1, "price": "6.99", "image": "/images/book-2.png"}}, {"model": "base.orderitem", "pk": 16, "fields": {"product": 5, "order": 8, "name": "Echoes of the Forgotten", "author": null, "qty": 4, "price": "12.99", "image": "/images/book-4.png"}}, {"model": "base.orderitem", "pk": 17, "fields": {"product": 2, "order": 9, "name": "The Chimes of Winter", "author": null, "qty": 1, "price": "10.95", "image": "/images/book-1.png"}}, {"model": "base.orderitem", "pk": 18, "fields": {"product": 6, "order": 9, "name": "Shadow of the Mountain", "author": null, "qty": 8, "price": "4.99", "image": "/images/book-5.png"}}, {"model": "base.orderitem", "pk": 19, "fields": {"product": 2, "order": 10, "name": "The Chimes of Winter", "author": null, "qty": 3, "price": "10.95", "image": "/images/book-1.png"}}, {"model": "base.orderitem", "pk": 20, "fields": {"product": 3, "order": 10, "name": "The Midnight Garden", "author": null, "qty": 3, "price": "6.99", "image": "/images/book-2.png"}}, {"model": "base.orderitem", "pk": 21, "fields": {"product": 3, "order": 11, "name": "The Midnight Garden", "author": null, "qty": 4, "price": "6.99", "image": "/images/book-2.png"}}, {"model": "base.orderitem", "pk": 22, "fields": {"product": 4, "order": 11, "name": "The Lost City of Aria", "author": null, "qty": 5, "price": "15.99", "image": "/images/book-3.png"}}, {"model": "base.orderitem", "pk": 23, "fields": {"product": 3, "order": 12, "name": "The Midnight Garden", "author": null, "qty": 1, "price": "6.99", "image": "/images/book-2.png"}}, {"model": "base.orderitem", "pk": 24, "fields": {"product": 5, "order": 12, "name": "Echoes of the Forgotten", "author": null, "qty": 1, "price": "12.99", "image": "/images/book-4.png"}}, {"model": "base.orderitem", "pk": 25, "fields": {"product": 6, "order": 12, "name": "Shadow of the Mountain", "author": null, "qty": 9, "price": "4.99", "image": "/images/book-5.png"}}, {"model": "base.orderitem", "pk": 26, "fields": {"product": 3, "order": 13, "name": "The Midnight Garden", "author": null, "qty": 1, "price": "6.99", "image": "/images/book-2.png"}}, {"model": "base.orderitem", "pk": 27, "fields": {"product": 6, "order": 14, "name": "Shadow of the Mountain", "author": null, "qty": 1, "price": "4.99", "image": "/images/book-5.png"}}, {"model": "base.orderitem", "pk": 28, "fields": {"product": 5, "order": 14, "name": "Echoes of the Forgotten", "author": null, "qty": 1, "price": "12.99", "image": "/images/book-4.png"}}, {"model": "base.orderitem", "pk": 29, "fields": {"product": 5, "order": 15, "name": "Echoes of the Forgotten", "author": null, "qty": 1, "price": "12.99", "image": "/images/book-4.png"}}, {"model": "base.orderitem", "pk": 30, "fields": {"product": 2, "order": 15, "name": "The Chimes of Winter", "author": null, "qty": 1, "price": "10.95", "image": "/images/book-1.png"}}, {"model": "base.orderitem", "pk": 31, "fields": {"product": 2, "order": 16, "name": "The Chimes of Winter", "author": null, "qty": 1, "price": "10.95", "image": "/images/book-1.png"}}, {"model": "base.orderitem", "pk": 32, "fields": {"product": 2, "order": 17, "name": "The Chimes of Winter", "author": null, "qty": 1, "price": "10.95", "image": "/images/book-1.png"}}, {"model": "base.orderitem", "pk": 33, "fields": {"product": 3, "order": 17, "name": "The Midnight Garden", "author": null, "qty": 1, "price": "6.99", "image": "/images/book-2.png"}}, {"model": "base.orderitem", "pk": 34, "fields": {"product": 3, "order": 18, "name": "The Midnight Garden", "author": null, "qty": 1, "price": "6500.00", "image": "/images/book-2.png"}}, {"model": "base.orderitem", "pk": 35, "fields": {"product": 6, "order": 18, "name": "Shadow of the Mountain", "author": null, "qty": 1, "price": "4000.00", "image": "/images/book-5.png"}}, {"model": "base.orderitem", "pk": 36, "fields": {"product": 2, "order": 18, "name": "The Chimes of Winter", "author": null, "qty": 1, "price": "5000.00", "image": "/images/book-1.png"}}, {"model": "base.orderitem", "pk": 37, "fields": {"product": 4, "order": 19, "name": "The Lost City of Aria", "author": null, "qty": 1, "price": "10000.00", "image": "/images/book-3.png"}}, {"model": "base.orderitem", "pk": 38, "fields": {"product": 2, "order": 19, "name": "The Chimes of Winter", "author": null, "qty": 1, "price": "5000.00", "image": "/images/book-1.png"}}, {"model": "base.orderitem", "pk": 39, "fields": {"product": 3, "order": 20, "name": "The Midnight Garden", "author": null, "qty": 1, "price": "6500.00", "image": "/images/book-2.png"}}, {"model": "base.orderitem", "pk": 40, "fields": {"product": 2, "order": 20, "name": "The Chimes of Winter", "author": null, "qty": 1, "price": "5000.00", "image": "/images/book-1.png"}}, {"model": "base.orderitem", "pk": 41, "fields": {"product": 4, "order": 20, "name": "The Lost City of Aria", "author": null, "qty": 1, "price": "10000.00", "image": "/images/book-3.png"}}, {"model": "base.orderitem", "pk": 42, "fields": {"product": 6, "order": 20, "name": "Shadow of the Mountain", "author": null, "qty": 1, "price": "4000.00", "image": "/images/book-5.png"}}, {"model": "base.orderitem", "pk": 43, "fields": {"product": 3, "order": 21, "name": "The Midnight Garden", "author": null, "qty": 1, "price": "6500.00", "image": "/images/book-2.png"}}, {"model": "base.orderitem", "pk": 44, "fields": {"product": 3, "order": 22, "name": "The Midnight Garden", "author": null, "qty": 1, "price": "6500.00", "image": "/images/book-2.png"}}, {"model": "base.orderitem", "pk": 45, "fields": {"product": 5, "order": 22, "name": "Echoes of the Forgotten", "author": null, "qty": 1, "price": "1200.00", "image": "/images/book-4.png"}}, {"model": "base.shippingaddress", "pk": 1, "fields": {"order": 1, "address": "Eagles Ville Estate, B", "city": "Abuja", "postalCode": "900001", "country": "Nigeria", "shippingPrice": null}}, {"model": "base.shippingaddress", "pk": 2, "fields": {"order": 2, "address": "Eagles Ville Estate, B", "city": "Abuja", "postalCode": "900001", "country": "Nigeria", "shippingPrice": null}}, {"model": "base.shippingaddress", "pk": 3, "fields": {"order": 3, "address": "Eagles Ville Estate, B", "city": "Abuja", "postalCode": "900001", "country": "Nigeria", "shippingPrice": null}}, {"model": "base.shippingaddress", "pk": 4, "fields": {"order": 4, "address": "Eagles Ville Estate, B", "city": "Abuja", "postalCode": "900001", "country": "Nigeria", "shippingPrice": null}}, {"model": "base.shippingaddress", "pk": 5, "fields": {"order": 5, "address": "Eagles Ville Estate, B", "city": "Abuja", "postalCode": "900001", "country": "Nigeria", "shippingPrice": null}}, {"model": "base.shippingaddress", "pk": 6, "fields": {"order": 6, "address": "Eagles Ville Estate, B", "city": "Abuja", "postalCode": "900001", "country": "Nigeria", "shippingPrice": null}}, {"model": "base.shippingaddress", "pk": 7, "fields": {"order": 7, "address": "Eagles Ville Estate, B", "city": "Abuja", "postalCode": "900001", "country": "Nigeria", "shippingPrice": null}}, {"model": "base.shippingaddress", "pk": 8, "fields": {"order": 8, "address": "Eagles Ville Estate, B", "city": "Abuja", "postalCode": "900001", "country": "Nigeria", "shippingPrice": null}}, {"model": "base.shippingaddress", "pk": 9, "fields": {"order": 9, "address": "Eagles Ville Estate, B", "city": "Abuja", "postalCode": "900001", "country": "Nigeria", "shippingPrice": null}}, {"model": "base.shippingaddress", "pk": 10, "fields": {"order": 10, "address": "Eagles Ville Estate, B", "city": "Abuja", "postalCode": "900001", "country": "Nigeria", "shippingPrice": null}}, {"model": "base.shippingaddress", "pk": 11, "fields": {"order": 11, "address": "Eagles Ville Estate, B", "city": "Abuja", "postalCode": "900001", "country": "Nigeria", "shippingPrice": null}}, {"model": "base.shippingaddress", "pk": 12, "fields": {"order": 12, "address": "Eagles Ville Estate, B", "city": "Abuja", "postalCode": "900001", "country": "Nigeria", "shippingPrice": null}}, {"model": "base.shippingaddress", "pk": 13, "fields": {"order": 13, "address": "Eagles Ville Estate, B", "city": "Abuja", "postalCode": "900001", "country": "Nigeria", "shippingPrice": null}}, {"model": "base.shippingaddress", "pk": 14, "fields": {"order": 14, "address": "Eagles Ville Estate, B", "city": "Abuja", "postalCode": "900001", "country": "Nigeria", "shippingPrice": null}}, {"model": "base.shippingaddress", "pk": 15, "fields": {"order": 15, "address": "Eagles Ville Estate, B", "city": "Abuja", "postalCode": "900001", "country": "Nigeria", "shippingPrice": null}}, {"model": "base.shippingaddress", "pk": 16, "fields": {"order": 16, "address": "Eagles Ville Estate, B", "city": "Abuja", "postalCode": "900001", "country": "Nigeria", "shippingPrice": null}}, {"model": "base.shippingaddress", "pk": 17, "fields": {"order": 17, "address": "Eagles Ville Estate, B", "city": "Abuja", "postalCode": "900001", "country": "Nigeria", "shippingPrice": null}}, {"model": "base.shippingaddress", "pk": 18, "fields": {"order": 18, "address": "Eagles Ville Estate, B", "city": "Abuja", "postalCode": "900001", "country": "Nigeria", "shippingPrice": null}}, {"model": "base.shippingaddress", "pk": 19, "fields": {"order": 19, "address": "Eagles Ville Estate, B", "city": "Abuja", "postalCode": "900001", "country": "Nigeria", "shippingPrice": null}}, {"model": "base.shippingaddress", "pk": 20, "fields": {"order": 20, "address": "Eagles Ville Estate, B", "city": "Abuja", "postalCode": "900001", "country": "Nigeria", "shippingPrice": null}}, {"model": "base.shippingaddress", "pk": 21, "fields": {"order": 21, "address": "Eagles Ville Estate, B", "city": "Abuja", "postalCode": "900001", "country": "Nigeria", "shippingPrice": null}}, {"model": "base.shippingaddress", "pk": 22, "fields": {"order": 22, "address": "Eagles Ville Estate, B", "city": "Abuja", "postalCode": "900001", "country": "Nigeria", "shippingPrice": null}}]